proximal_input_uM,proximal_input_nM,k_escape_per_s,peak_cAMP_20um_uM,delta_peak_cAMP_20um_nM,peak_total_PKAc_20um_uM_per_s,peak_total_PKAc_20um_over_basal,peak_evoked_PKAc_20um_uM_per_s,time_peak_evoked_20um_s,peak_at_window_edge,is_reference_input,is_reference_condition
0.05,50.0,0.0,0.0254339975311521,0.4339975311521381,0.0001645228151117,1.0635018005327568,9.823674001379425e-06,5.487777777777778,False,False,False
0.05,50.0,0.001,0.0254318623026121,0.4318623026121453,0.0001644734080787,1.0631824255663576,9.774266968385295e-06,5.48,False,False,False
0.05,50.0,0.002,0.025429741579912,0.429741579912074,0.0001644243527337,1.0628653239673462,9.725211623373536e-06,5.464444444444444,False,False,False
0.05,50.0,0.005,0.0254234646071442,0.4234646071442499,0.000164279232501,1.061927243563881,9.580091390664974e-06,5.441111111111111,False,False,False
0.05,50.0,0.01,0.0254132818569662,0.413281856966291,0.0001640439838851,1.060406558870766,9.344842774740427e-06,5.394444444444444,False,False,False
0.05,50.0,0.02,0.0253939023123274,0.3939023123274363,0.0001635969205794,1.0575166701330023,8.897779469103852e-06,5.308888888888888,False,False,False
0.05,50.0,0.03,0.0253757421327803,0.3757421327803302,0.0001631787459388,1.0548135223481403,8.479604828491312e-06,5.223333333333334,False,False,False
0.05,50.0,0.05,0.0253426760210113,0.3426760210113941,0.0001624192731268,1.0499041685754689,7.720132016452092e-06,5.083333333333333,False,False,False
0.05,50.0,0.1,0.0252753358100703,0.2753358100703283,0.0001608802510801,1.0399556838221249,6.181109969760173e-06,4.772222222222222,False,False,False
0.05,50.0,0.2,0.0251846321235898,0.1846321235898403,0.0001588235901291,1.026661098368935,4.12444901873329e-06,4.336666666666666,False,False,False
0.05,50.0,0.3,0.0251284617713472,0.1284617713472706,0.000157559459484,1.018489555618359,2.8603183736725416e-06,4.025555555555556,False,False,False
0.05,50.0,0.5,0.0250670569282559,0.0670569282559298,0.0001561861304017,1.0096121366978914,1.4869892913992402e-06,3.605555555555556,False,False,False
0.05,50.0,1.0,0.0250171664293744,0.0171664293744586,0.0001550777831455,1.0024476026980529,3.786420351682099e-07,3.03,False,False,False
0.05,50.0,1.5,0.0250054530568522,0.0054530568522545,0.0001548189980511,1.000774774442155,1.198569407555826e-07,2.7111111111111112,False,False,False
0.05,50.0,2.0,0.0250019743751165,0.001974375116568,0.0001547424112303,1.0002797049785357,4.327011994374612e-08,2.508888888888889,False,False,False
0.05,50.0,3.0,0.0250003325571548,0.0003325571548487,0.0001547063961483,1.000046897726241,7.255037969477671e-09,2.2366666666666664,False,False,False
0.076706370232,76.706370232,0.0,0.0261206270077291,1.1206270077291705,0.0001809334318434,1.1695826527850066,2.6234290733058376e-05,5.223333333333334,False,False,False
0.076706370232,76.706370232,0.001,0.0261153456302946,1.1153456302946327,0.0001808029346262,1.1687390978935657,2.6103793515873023e-05,5.215555555555556,False,False,False
0.076706370232,76.706370232,0.002,0.0261100984047189,1.1100984047188975,0.0001806733508178,1.1679014474228386,2.5974209707500828e-05,5.2,False,False,False
0.076706370232,76.706370232,0.005,0.026094558698211,1.0945586982110749,0.0001802900101697,1.165423472139168,2.559086905942425e-05,5.176666666666667,False,False,False
0.076706370232,76.706370232,0.01,0.0260693151818481,1.0693151818481073,0.0001796684867183,1.1614058451053784,2.4969345607995223e-05,5.137777777777778,False,False,False
0.076706370232,76.706370232,0.02,0.0260211647458419,1.0211647458419522,0.0001784870436264,1.153768807928586,2.378790251611747e-05,5.06,False,False,False
0.076706370232,76.706370232,0.03,0.0259759100298084,0.9759100298084544,0.0001773815755285,1.1466228852688245,2.2682434418211253e-05,4.982222222222222,False,False,False
0.076706370232,76.706370232,0.05,0.0258931684433174,0.8931684433174172,0.0001753727348323,1.1336374175940884,2.0673593722013143e-05,4.85,False,False,False
0.076706370232,76.706370232,0.1,0.0257232307804018,0.7232307804018491,0.000171296549379,1.107288302634384,1.6597408268728507e-05,4.57,False,False,False
0.076706370232,76.706370232,0.2,0.0254909499462926,0.490949946292684,0.000165832554052,1.07196816260119,1.1133412941695408e-05,4.165555555555556,False,False,False
0.076706370232,76.706370232,0.3,0.0253448091641552,0.3448091641552811,0.0001624583371251,1.0501566845108887,7.759196014778198e-06,3.8777777777777778,False,False,False
0.076706370232,76.706370232,0.5,0.0251824716679105,0.1824716679105081,0.000158768003312,1.026301776289421,4.0688622016505456e-06,3.488888888888889,False,False,False
0.076706370232,76.706370232,1.0,0.025047649989657,0.0476499896570822,0.0001557514692882,1.0068024177142942,1.0523281778752587e-06,2.952222222222222,False,False,False
0.076706370232,76.706370232,1.5,0.025015300145025,0.0153001450250711,0.0001550354804601,1.0021741513710014,3.363393497378496e-07,2.6566666666666663,False,False,False
0.076706370232,76.706370232,2.0,0.0250055763757326,0.0055763757326673,0.0001548213212996,1.0007897922921052,1.2218018924427276e-07,2.462222222222222,False,False,False
0.076706370232,76.706370232,3.0,0.025000946080573,0.0009460805730915,0.0001547197707528,1.000133353309833,2.062964249543976e-08,2.205555555555556,False,False,False
0.117677344683,117.677344683,0.0,0.027517133472284,2.517133472284053,0.0002177336731371,1.4074653005464577,6.303453202681519e-05,4.857777777777778,False,False,False
0.117677344683,117.677344683,0.001,0.0275060114002472,2.506011400247248,0.0002174215033982,1.4054473854066856,6.272236228785884e-05,4.85,False,False,False
0.117677344683,117.677344683,0.002,0.0274949561671617,2.494956167161736,0.0002171115142103,1.4034435656980986,6.241237310000041e-05,4.842222222222222,False,False,False
0.117677344683,117.677344683,0.005,0.0274621857082132,2.4621857082132435,0.0002161944114853,1.397515266947278,6.149527037500278e-05,4.818888888888889,False,False,False
0.117677344683,117.677344683,0.01,0.0274088517200824,2.408851720082407,0.0002147076184705,1.387904399012601,6.000847736018308e-05,4.7877777777777775,False,False,False
0.117677344683,117.677344683,0.02,0.0273067695975924,2.3067695975924027,0.0002118815649474,1.3696363368704632,5.71824238370435e-05,4.717777777777778,False,False,False
0.117677344683,117.677344683,0.03,0.0272104065467195,2.2104065467195704,0.0002092373480714,1.3525436959097106,5.453820696110719e-05,4.655555555555555,False,False,False
0.117677344683,117.677344683,0.05,0.0270331361541604,2.0331361541604496,0.0002044328183754,1.321486447229559,4.973367726503666e-05,4.531111111111111,False,False,False
0.117677344683,117.677344683,0.1,0.0266644241988118,1.6644241988118813,0.0001946851422483,1.25847590911605,3.998600113797464e-05,4.29,False,False,False
0.117677344683,117.677344683,0.2,0.0261493680930658,1.1493680930658168,0.0001816144337316,1.1739847579508638,2.6915292621294e-05,3.9322222222222223,False,False,False
0.117677344683,117.677344683,0.3,0.0258177237723808,0.81772377238086,0.0001735295285805,1.1217226374691291,1.883038747016306e-05,3.683333333333333,False,False,False
0.117677344683,117.677344683,0.5,0.0254407721277752,0.4407721277752928,0.0001646510877767,1.0643309755631718,9.951946666414789e-06,3.333333333333333,False,False,False
0.117677344683,117.677344683,1.0,0.0251180905350778,0.1180905350778686,0.0001573150671629,1.0169097645518603,2.615926052551348e-06,2.851111111111111,False,False,False
0.117677344683,117.677344683,1.5,0.0250384291361416,0.0384291361416704,0.0001555444101676,1.0054639544290158,8.452690572349297e-07,2.586666666666667,False,False,False
0.117677344683,117.677344683,2.0,0.0250141192779434,0.0141192779434251,0.0001550084260479,1.00199926732237,3.092849376206851e-07,2.4,False,False,False
0.117677344683,117.677344683,3.0,0.0250024163975236,0.0024163975236163,0.0001547517965893,1.0003403734407033,5.2655478933587873e-08,2.166666666666667,False,False,False
0.180532039382,180.532039382,0.0,0.030231934646478,5.231934646478073,0.0003034178434349,1.9613414868187435,0.0001487187023246,4.43,False,False,False
0.180532039382,180.532039382,0.001,0.0302108030333903,5.2108030333903255,0.0003026735198385,1.9565300599998392,0.0001479743787282,4.422222222222223,False,False,False
0.180532039382,180.532039382,0.002,0.0301897831366106,5.18978313661064,0.0003019343767413,1.9517521207561952,0.0001472352356309,4.414444444444444,False,False,False
0.180532039382,180.532039382,0.005,0.0301274104103845,5.127410410384579,0.0002997475737374,1.9376162762509008,0.0001450484326271,4.398888888888889,False,False,False
0.180532039382,180.532039382,0.01,0.0300256409067431,5.02564090674314,0.0002962034280019,1.9147063511531408,0.0001415042868915,4.3677777777777775,False,False,False
0.180532039382,180.532039382,0.02,0.0298299764790625,4.829976479062522,0.0002894696097432,1.8711778725181765,0.0001347704686329,4.313333333333333,False,False,False
0.180532039382,180.532039382,0.03,0.029644186004446,4.644186004446077,0.0002831736635864,1.8304798692092936,0.0001284745224761,4.2588888888888885,False,False,False
0.180532039382,180.532039382,0.05,0.0292996006830192,4.299600683019201,0.0002717459472261,1.7566092822212471,0.0001170468061157,4.157777777777778,False,False,False
0.180532039382,180.532039382,0.1,0.0285706254870153,3.5706254870153664,0.0002486209168694,1.6071253859906325,9.39217757590518e-05,3.9555555555555553,False,False,False
0.180532039382,180.532039382,0.2,0.0275216971476074,2.521697147607461,0.0002177762495779,1.4077405214717382,6.307710846757171e-05,3.66,False,False,False
0.180532039382,180.532039382,0.3,0.0268245321212737,1.824532121273752,0.0001988070524797,1.2851205963572725,4.410791136934614e-05,3.442222222222222,False,False,False
0.180532039382,180.532039382,0.5,0.0260068673912735,1.0068673912735775,0.000178061811526,1.15102003959391,2.33626704156317e-05,3.154444444444444,False,False,False
0.180532039382,180.532039382,1.0,0.0252782696353001,0.2782696353001678,0.0001609081582299,1.0401360801038078,6.209017119596018e-06,2.7344444444444447,False,False,False
0.180532039382,180.532039382,1.5,0.0250919473489665,0.0919473489665277,0.000156725288867,1.0130973432831023,2.0261477567235745e-06,2.493333333333333,False,False,False
0.180532039382,180.532039382,2.0,0.0250340829142703,0.0340829142703828,0.0001554458097994,1.0048265858731715,7.466686890750685e-07,2.3377777777777777,False,False,False
0.180532039382,180.532039382,3.0,0.0250058875838803,0.0058875838803811,0.0001548273363313,1.0008286744195103,1.2819522095835925e-07,2.12,False,False,False
0.241660235427,241.660235427,0.0,0.0332947212480035,8.294721248003581,0.0004248616039328,2.7463733856785133,0.0002701624628224,4.118888888888889,False,True,True
0.241660235427,241.660235427,0.001,0.0332636668803235,8.263666880323587,0.0004234856437716,2.7374789590432207,0.0002687865026613,4.111111111111111,False,True,False
0.241660235427,241.660235427,0.002,0.03323275644972,8.232756449720082,0.000422119784764,2.728649827880584,0.0002674206436537,4.111111111111111,False,True,False
0.241660235427,241.660235427,0.005,0.0331409284746265,8.140928474626588,0.0004180793672814,2.7025319228061218,0.000263380226171,4.095555555555555,False,True,False
0.241660235427,241.660235427,0.01,0.0329908288871089,7.990828887108961,0.0004115312826984,2.660204056367735,0.000256832141588,4.064444444444444,False,True,False
0.241660235427,241.660235427,0.02,0.032701231560134,7.701231560134025,0.0003990957915427,2.579819051859176,0.0002443966504324,4.017777777777778,False,True,False
0.241660235427,241.660235427,0.03,0.0324250208655769,7.42502086557692,0.0003874745182838,2.504697282109576,0.0002327753771734,3.971111111111111,False,True,False
0.241660235427,241.660235427,0.05,0.0319094551364005,6.909455136400511,0.0003664027132172,2.36848576267062,0.0002117035721069,3.893333333333333,False,True,False
0.241660235427,241.660235427,0.1,0.0308040454331629,5.804045433162899,0.0003238796472431,2.0936098605235545,0.0001691805061328,3.714444444444444,False,True,False
0.241660235427,241.660235427,0.2,0.0291747571379028,4.174757137902805,0.0002675473888952,1.729469129401209,0.0001128482477848,3.457777777777778,False,True,False
0.241660235427,241.660235427,0.3,0.0280628905374716,3.062890537471625,0.0002332292167438,1.5076309737068354,7.853007563346753e-05,3.271111111111111,False,True,False
0.241660235427,241.660235427,0.5,0.026723343705161,1.7233437051610463,0.0001960835390457,1.2675153697580914,4.138439793539942e-05,3.0144444444444445,False,True,False
0.241660235427,241.660235427,1.0,0.0254881265799614,0.4881265799614835,0.0001656968351307,1.0710908537788388,1.0997694020389176e-05,2.648888888888889,False,True,False
0.241660235427,241.660235427,1.5,0.0251630984577186,0.1630984577186585,0.0001583033260112,1.0232980278685622,3.604184900831992e-06,2.431111111111111,False,True,False
0.241660235427,241.660235427,2.0,0.0250608316899969,0.0608316899969353,0.0001560325712023,1.0086195054633194,1.333430091971622e-06,2.283333333333333,False,True,False
0.241660235427,241.660235427,3.0,0.0250105733653205,0.0105733653205826,0.0001549292423952,1.001487411521878,2.301012849121687e-07,2.081111111111112,False,True,False
0.276959149031,276.959149031,0.0,0.0351788990108972,10.178899010897288,0.0005139095981992,3.321993868295686,0.0003592104570888,3.9788888888888887,False,False,False
0.276959149031,276.959149031,0.001,0.0351422335975357,10.142233597535707,0.0005120620795962,3.310051212443018,0.0003573629384859,3.971111111111111,False,False,False
0.276959149031,276.959149031,0.002,0.0351057250711374,10.105725071137412,0.0005102287533732,3.2982002984053063,0.0003555296122628,3.971111111111111,False,False,False
0.276959149031,276.959149031,0.005,0.0349972220301015,9.997222030101511,0.0005048044219634,3.2631365522791858,0.000350105280853,3.9555555555555553,False,False,False
0.276959149031,276.959149031,0.01,0.0348197163693155,9.819716369315556,0.0004960139929772,3.206313812843816,0.0003413148518668,3.9322222222222223,False,False,False
0.276959149031,276.959149031,0.02,0.0344766954572252,9.476695457225263,0.0004793202019155,3.098402476414689,0.0003246210608052,3.885555555555555,False,False,False
0.276959149031,276.959149031,0.03,0.0341488241694061,9.148824169406163,0.0004637230228326,2.9975798152738657,0.0003090238817222,3.846666666666666,False,False,False
0.276959149031,276.959149031,0.05,0.0335349770300541,8.534977030054174,0.0004354510103264,2.814825002911556,0.000280751869216,3.7688888888888887,False,False,False
0.276959149031,276.959149031,0.1,0.0322103145863414,7.210314586341429,0.0003784676446373,2.4464754097586634,0.0002237685035269,3.605555555555556,False,False,False
0.276959149031,276.959149031,0.2,0.0302345751781878,5.234575178187873,0.0003032461026613,1.9602313269796496,0.000148546961551,3.364444444444445,False,False,False
0.276959149031,276.959149031,0.3,0.0288681238501574,3.8681238501574384,0.0002576776232898,1.6656693853650248,0.0001029784821794,3.1933333333333334,False,False,False
0.276959149031,276.959149031,0.5,0.027198554592602,2.1985545926020524,0.0002087016351661,1.3490807619759126,5.40024940558267e-05,2.952222222222222,False,False,False
0.276959149031,276.959149031,1.0,0.0256306359531877,0.6306359531877623,0.0001690025719129,1.0924596652567309,1.430343080256844e-05,2.602222222222222,False,False,False
0.276959149031,276.959149031,1.5,0.0252118678185899,0.2118678185899676,0.0001593905195582,1.0303258209077826,4.691378447900838e-06,2.4,False,False,False
0.276959149031,276.959149031,2.0,0.0250792479491917,0.0792479491917262,0.0001564371598819,1.0112348314225257,1.738018771584482e-06,2.26,False,False,False
0.276959149031,276.959149031,3.0,0.0250138128526119,0.0138128526119864,0.0001549996747121,1.0019426972870464,3.0053360174352737e-07,2.065555555555556,False,False,False
0.424890620492,424.890620492,0.0,0.0434546474342787,18.45464743427873,0.0010532781206426,6.808558296333227,0.0008985789795322,3.582222222222222,False,False,False
0.424890620492,424.890620492,0.001,0.0433961459182456,18.39614591824566,0.0010485246858396,6.777831333217032,0.0008938255447292,3.5744444444444445,False,False,False
0.424890620492,424.890620492,0.002,0.0433378649099991,18.337864909999155,0.0010438088243664,6.747347250116465,0.000889109683256,3.5744444444444445,False,False,False
0.424890620492,424.890620492,0.005,0.0431644570220842,18.164457022084232,0.0010298488414903,6.657107687208504,0.00087514970038,3.5666666666666664,False,False,False
0.424890620492,424.890620492,0.01,0.0428799839959432,17.879983995943245,0.0010072229701915,6.5108504349936505,0.0008525238290812,3.543333333333333,False,False,False
0.424890620492,424.890620492,0.02,0.0423277221225613,17.32772212256137,0.0009642305104456,6.232940296402495,0.0008095313693353,3.5122222222222224,False,False,False
0.424890620492,424.890620492,0.03,0.0417965581255177,16.796558125517695,0.0009240426493702,5.973159532353015,0.0007693435082598,3.473333333333333,False,False,False
0.424890620492,424.890620492,0.05,0.0407932379198458,15.793237919845884,0.0008511887133323,5.502220033174408,0.0006964895722219,3.4188888888888886,False,False,False
0.424890620492,424.890620492,0.1,0.0385858744650774,13.58587446507742,0.0007045584464237,4.554378527034384,0.0005498593053133,3.286666666666666,False,False,False
0.424890620492,424.890620492,0.2,0.0351706438896146,10.170643889614633,0.0005126210964949,3.313664787118609,0.0003579219553845,3.092222222222222,False,False,False
0.424890620492,424.890620492,0.3,0.0327041173082166,7.704117308216609,0.0003984154529856,2.5754212345719205,0.0002437163118753,2.952222222222222,False,False,False
0.424890620492,424.890620492,0.5,0.0295404952188104,4.540495218810458,0.0002790751957495,1.803986717356596,0.0001243760546392,2.7577777777777777,False,False,False
0.424890620492,424.890620492,1.0,0.0263635558805625,1.3635558805625767,0.0001867077755403,1.2069089343370798,3.200863443000789e-05,2.477777777777778,False,False,False
0.424890620492,424.890620492,1.5,0.0254666785078577,0.4666785078577262,0.0001651482424299,1.0675446627862175,1.044910131961735e-05,2.306666666666666,False,False,False
0.424890620492,424.890620492,2.0,0.0251761364190003,0.1761364190003347,0.0001585750359186,1.0250544041839995,3.875894808296767e-06,2.1822222222222223,False,False,False
0.424890620492,424.890620492,3.0,0.0250309474105681,0.0309474105681384,0.0001553721552097,1.0043504708204056,6.730140993424602e-07,2.011111111111111,False,False,False
0.5,500.0,0.0,0.047688633755383,22.68863375538302,0.0014346280000339,9.273664932699488,0.0012799288589235,3.45,False,False,False
0.5,500.0,0.001,0.0476201226287791,22.620122628779185,0.0014278189543616,9.22965017202614,0.0012731198132512,3.45,False,False,False
0.5,500.0,0.002,0.0475518637245815,22.551863724581548,0.0014210515326275,9.185904475149504,0.0012663523915171,3.442222222222222,False,False,False
0.5,500.0,0.005,0.0473486193400077,22.348619340007723,0.0014010401636378,9.056547784181554,0.0012463410225275,3.4344444444444444,False,False,False
0.5,500.0,0.01,0.047015034457109,22.015034457109067,0.0013685848383679,8.84675136878446,0.0012138856972575,3.4188888888888886,False,False,False
0.5,500.0,0.02,0.0463663328105833,21.366332810583295,0.0013068845916365,8.447911101873332,0.0011521854505261,3.3877777777777776,False,False,False
0.5,500.0,0.03,0.0457411942103544,20.74119421035448,0.0012491741162308,8.074861355174612,0.0010944749751204,3.3566666666666665,False,False,False
0.5,500.0,0.05,0.0445569385552606,19.55693855526062,0.0011444710863287,7.398044217402714,0.0009897719452183,3.302222222222222,False,False,False
0.5,500.0,0.1,0.0419347600008783,16.934760000878324,0.0009335519522734,6.034629187807885,0.000778852811163,3.1777777777777776,False,False,False
0.5,500.0,0.2,0.0378263804714728,12.826380471472824,0.0006576926552121,4.251430554116076,0.0005029935141017,2.9988888888888887,False,False,False
0.5,500.0,0.3,0.0348124374412048,9.812437441204883,0.0004943672196125,3.1956688063304037,0.0003396680785021,2.8744444444444444,False,False,False
0.5,500.0,0.5,0.0308722030877227,5.872203087722791,0.0003255374007327,2.104325844320821,0.0001708382596224,2.687777777777778,False,False,False
0.5,500.0,1.0,0.0267998072592616,1.799807259261658,0.0001978216493284,1.278750792723019,4.312250821808544e-05,2.431111111111111,False,False,False
0.5,500.0,1.5,0.0256209024472534,0.6209024472534596,0.0001686983081755,1.0904928557761302,1.3999167065191812e-05,2.267777777777778,False,False,False
0.5,500.0,2.0,0.0252351700771824,0.2351700771824026,0.0001598860062782,1.0335287263436146,5.186865167881768e-06,2.158888888888889,False,False,False
0.5,500.0,3.0,0.0250414352282863,0.0414352282863406,0.0001556002360319,1.005824821748338,9.0109492158891e-07,1.9955555555555555,False,False,False
0.651836344869,651.836344869,0.0,0.05601974547978782,31.019745479787822,0.0024239306526417335,15.668675567580587,0.002269231511531365,3.271111111111111,False,False,False
0.651836344869,651.836344869,0.001,0.05593289433188703,30.932894331887027,0.0024118247576461987,15.590421125386252,0.0022571256165358302,3.271111111111111,False,False,False
0.651836344869,651.836344869,0.002,0.0558462752450635,30.846275245063495,0.0023997956577289795,15.512663098865358,0.002245096516618611,3.263333333333333,False,False,False
0.651836344869,651.836344869,0.005,0.05558827943628971,30.58827943628971,0.002364205510502978,15.282602692772928,0.0022095063693926094,3.2555555555555555,False,False,False
0.651836344869,651.836344869,0.01,0.055164362371814074,30.16436237181407,0.002306442421742728,14.909212844932473,0.0021517432806323596,3.2399999999999998,False,False,False
0.651836344869,651.836344869,0.02,0.054338339287354855,29.338339287354852,0.0021964971177435987,14.19850880863346,0.00204179797663323,3.216666666666667,False,False,False
0.651836344869,651.836344869,0.03,0.053540093001173975,28.54009300117397,0.0020934997101081706,13.53271708609283,0.001938800568997802,3.1855555555555557,False,False,False
0.651836344869,651.836344869,0.05,0.05202208724209139,27.022087242091388,0.0019062636522032324,12.322393250026046,0.001751564511092864,3.138888888888889,False,False,False
0.651836344869,651.836344869,0.1,0.048631146849947494,23.63114684994749,0.0015278476783998113,9.876251848804923,0.0013731485372894428,3.03,False,False,False
0.651836344869,651.836344869,0.2,0.04322320466390984,18.223204663909836,0.0010317539193436857,6.669422415264679,0.0008770547782333171,2.8744444444444444,False,False,False
0.651836344869,651.836344869,0.3,0.03916415164057169,14.164151640571685,0.0007391410216768405,4.777925826682565,0.000584441880566472,2.7577777777777777,False,False,False
0.651836344869,651.836344869,0.5,0.03369828093948366,8.69828093948366,0.00044099279699755673,2.850647998639726,0.00028629365588718817,2.594444444444444,False,False,False
0.651836344869,651.836344869,1.0,0.02776602183068038,2.766021830680379,0.00022402393143764645,1.4481265366419767,6.932479032727788e-05,2.3533333333333335,False,False,False
0.651836344869,651.836344869,1.5,0.02596826047829823,0.9682604782982295,0.00017687895638188566,1.14337387468553,2.217981527151709e-05,2.2133333333333334,False,False,False
0.651836344869,651.836344869,2.0,0.02536896001242524,0.36896001242523946,0.0001628822422349994,1.0528968749657936,8.183101124630845e-06,2.112222222222222,False,False,False
0.651836344869,651.836344869,3.0,0.02506528665801231,0.06528665801230904,0.00015611937454665484,1.0091806161695043,1.4202334362862752e-06,1.9644444444444444,False,False,False
1.0,1000.0,0.0,0.07337418365076584,48.374183650765836,0.005650679116338344,36.526893916669664,0.005495979975227975,3.061111111111111,False,False,False
1.0,1000.0,0.001,0.07325188856387932,48.25188856387932,0.005621806877929585,36.340259148037305,0.0054671077368192164,3.061111111111111,False,False,False
1.0,1000.0,0.002,0.07312988893369134,48.12988893369133,0.005593162702853701,36.155098617278774,0.0054384635617433326,3.0533333333333332,False,False,False
1.0,1000.0,0.005,0.0727665440754711,47.7665440754711,0.005508244805373235,35.606175741101445,0.005353545664262866,3.0455555555555556,False,False,False
1.0,1000.0,0.01,0.07216881409331927,47.16881409331926,0.005370223422055417,34.71398343591374,0.0052155242809450485,3.037777777777778,False,False,False
1.0,1000.0,0.02,0.07100128797415052,46.00128797415052,0.005106847299424536,33.01147803904811,0.004952148158314167,3.006666666666667,False,False,False
1.0,1000.0,0.03,0.06986986783829884,44.86986783829883,0.004859290030319406,31.41122824238949,0.004704590889209038,2.9833333333333334,False,False,False
1.0,1000.0,0.05,0.06770874304164533,42.70874304164533,0.004407247235596707,28.489151290454807,0.004252548094486338,2.9444444444444446,False,False,False
1.0,1000.0,0.1,0.06283408986168723,37.83408986168723,0.003485654590608533,22.531828978428052,0.0033309554494981644,2.851111111111111,False,False,False
1.0,1000.0,0.2,0.054900597746744884,29.900597746744882,0.0022629752643993314,14.628234185119581,0.002108276123288963,2.7111111111111112,False,False,False
1.0,1000.0,0.3,0.04877960566856651,23.77960566856651,0.001537544358196832,9.938932738481633,0.0013828452170864636,2.61,False,False,False
1.0,1000.0,0.5,0.0402070969492229,15.207096949222898,0.0008052365439545335,5.2051778579691375,0.000650537402844165,2.462222222222222,False,False,False
1.0,1000.0,1.0,0.030169072900058755,5.169072900058754,0.00029925129075897907,1.934408223672562,0.0001445521496486105,2.26,False,False,False
1.0,1000.0,1.5,0.026862663622942796,1.862663622942795,0.00019916377677069188,1.2874265192500356,4.4464635660323315e-05,2.1355555555555554,False,False,False
1.0,1000.0,2.0,0.02571797780058464,0.7179778005846383,0.0001708686971126213,1.104522597127522,1.6169556002252743e-05,2.05,False,False,False
1.0,1000.0,3.0,0.025127908147276504,0.127908147276503,0.00015748626200464137,1.0180163953999226,2.7871208942728087e-06,1.9177777777777778,False,False,False
