proximal_input_uM,proximal_input_nM,k_escape_per_s,peak_cAMP_20um_uM,delta_peak_cAMP_20um_nM,peak_total_PKAc_20um_uM_per_s,peak_total_PKAc_20um_over_basal,peak_evoked_PKAc_20um_uM_per_s,time_peak_evoked_20um_s,peak_at_window_edge,is_reference_input,is_reference_condition,representative_input
0.241660235427,241.660235427,0.0,0.0332947212480035,8.294721248003581,0.0004248616039328,2.7463733856785133,0.0002701624628224,4.118888888888889,False,True,True,reference (~242 nM)
0.241660235427,241.660235427,0.001,0.0332636668803235,8.263666880323587,0.0004234856437716,2.7374789590432207,0.0002687865026613,4.111111111111111,False,True,False,reference (~242 nM)
0.241660235427,241.660235427,0.002,0.03323275644972,8.232756449720082,0.000422119784764,2.728649827880584,0.0002674206436537,4.111111111111111,False,True,False,reference (~242 nM)
0.241660235427,241.660235427,0.005,0.0331409284746265,8.140928474626588,0.0004180793672814,2.7025319228061218,0.000263380226171,4.095555555555555,False,True,False,reference (~242 nM)
0.241660235427,241.660235427,0.01,0.0329908288871089,7.990828887108961,0.0004115312826984,2.660204056367735,0.000256832141588,4.064444444444444,False,True,False,reference (~242 nM)
0.241660235427,241.660235427,0.02,0.032701231560134,7.701231560134025,0.0003990957915427,2.579819051859176,0.0002443966504324,4.017777777777778,False,True,False,reference (~242 nM)
0.241660235427,241.660235427,0.03,0.0324250208655769,7.42502086557692,0.0003874745182838,2.504697282109576,0.0002327753771734,3.971111111111111,False,True,False,reference (~242 nM)
0.241660235427,241.660235427,0.05,0.0319094551364005,6.909455136400511,0.0003664027132172,2.36848576267062,0.0002117035721069,3.893333333333333,False,True,False,reference (~242 nM)
0.241660235427,241.660235427,0.1,0.0308040454331629,5.804045433162899,0.0003238796472431,2.0936098605235545,0.0001691805061328,3.714444444444444,False,True,False,reference (~242 nM)
0.241660235427,241.660235427,0.2,0.0291747571379028,4.174757137902805,0.0002675473888952,1.729469129401209,0.0001128482477848,3.457777777777778,False,True,False,reference (~242 nM)
0.241660235427,241.660235427,0.3,0.0280628905374716,3.062890537471625,0.0002332292167438,1.5076309737068354,7.853007563346753e-05,3.271111111111111,False,True,False,reference (~242 nM)
0.241660235427,241.660235427,0.5,0.026723343705161,1.7233437051610463,0.0001960835390457,1.2675153697580914,4.138439793539942e-05,3.0144444444444445,False,True,False,reference (~242 nM)
0.241660235427,241.660235427,1.0,0.0254881265799614,0.4881265799614835,0.0001656968351307,1.0710908537788388,1.0997694020389176e-05,2.648888888888889,False,True,False,reference (~242 nM)
0.241660235427,241.660235427,1.5,0.0251630984577186,0.1630984577186585,0.0001583033260112,1.0232980278685622,3.604184900831992e-06,2.431111111111111,False,True,False,reference (~242 nM)
0.241660235427,241.660235427,2.0,0.0250608316899969,0.0608316899969353,0.0001560325712023,1.0086195054633194,1.333430091971622e-06,2.283333333333333,False,True,False,reference (~242 nM)
0.241660235427,241.660235427,3.0,0.0250105733653205,0.0105733653205826,0.0001549292423952,1.001487411521878,2.301012849121687e-07,2.081111111111112,False,True,False,reference (~242 nM)
0.5,500.0,0.0,0.047688633755383,22.68863375538302,0.0014346280000339,9.273664932699488,0.0012799288589235,3.45,False,False,False,500 nM
0.5,500.0,0.001,0.0476201226287791,22.620122628779185,0.0014278189543616,9.22965017202614,0.0012731198132512,3.45,False,False,False,500 nM
0.5,500.0,0.002,0.0475518637245815,22.551863724581548,0.0014210515326275,9.185904475149504,0.0012663523915171,3.442222222222222,False,False,False,500 nM
0.5,500.0,0.005,0.0473486193400077,22.348619340007723,0.0014010401636378,9.056547784181554,0.0012463410225275,3.4344444444444444,False,False,False,500 nM
0.5,500.0,0.01,0.047015034457109,22.015034457109067,0.0013685848383679,8.84675136878446,0.0012138856972575,3.4188888888888886,False,False,False,500 nM
0.5,500.0,0.02,0.0463663328105833,21.366332810583295,0.0013068845916365,8.447911101873332,0.0011521854505261,3.3877777777777776,False,False,False,500 nM
0.5,500.0,0.03,0.0457411942103544,20.74119421035448,0.0012491741162308,8.074861355174612,0.0010944749751204,3.3566666666666665,False,False,False,500 nM
0.5,500.0,0.05,0.0445569385552606,19.55693855526062,0.0011444710863287,7.398044217402714,0.0009897719452183,3.302222222222222,False,False,False,500 nM
0.5,500.0,0.1,0.0419347600008783,16.934760000878324,0.0009335519522734,6.034629187807885,0.000778852811163,3.1777777777777776,False,False,False,500 nM
0.5,500.0,0.2,0.0378263804714728,12.826380471472824,0.0006576926552121,4.251430554116076,0.0005029935141017,2.9988888888888887,False,False,False,500 nM
0.5,500.0,0.3,0.0348124374412048,9.812437441204883,0.0004943672196125,3.1956688063304037,0.0003396680785021,2.8744444444444444,False,False,False,500 nM
0.5,500.0,0.5,0.0308722030877227,5.872203087722791,0.0003255374007327,2.104325844320821,0.0001708382596224,2.687777777777778,False,False,False,500 nM
0.5,500.0,1.0,0.0267998072592616,1.799807259261658,0.0001978216493284,1.278750792723019,4.312250821808544e-05,2.431111111111111,False,False,False,500 nM
0.5,500.0,1.5,0.0256209024472534,0.6209024472534596,0.0001686983081755,1.0904928557761302,1.3999167065191812e-05,2.267777777777778,False,False,False,500 nM
0.5,500.0,2.0,0.0252351700771824,0.2351700771824026,0.0001598860062782,1.0335287263436146,5.186865167881768e-06,2.158888888888889,False,False,False,500 nM
0.5,500.0,3.0,0.0250414352282863,0.0414352282863406,0.0001556002360319,1.005824821748338,9.0109492158891e-07,1.9955555555555555,False,False,False,500 nM
1.0,1000.0,0.0,0.07337418365076584,48.374183650765836,0.005650679116338344,36.526893916669664,0.005495979975227975,3.061111111111111,False,False,False,1000 nM
1.0,1000.0,0.001,0.07325188856387932,48.25188856387932,0.005621806877929585,36.340259148037305,0.0054671077368192164,3.061111111111111,False,False,False,1000 nM
1.0,1000.0,0.002,0.07312988893369134,48.12988893369133,0.005593162702853701,36.155098617278774,0.0054384635617433326,3.0533333333333332,False,False,False,1000 nM
1.0,1000.0,0.005,0.0727665440754711,47.7665440754711,0.005508244805373235,35.606175741101445,0.005353545664262866,3.0455555555555556,False,False,False,1000 nM
1.0,1000.0,0.01,0.07216881409331927,47.16881409331926,0.005370223422055417,34.71398343591374,0.0052155242809450485,3.037777777777778,False,False,False,1000 nM
1.0,1000.0,0.02,0.07100128797415052,46.00128797415052,0.005106847299424536,33.01147803904811,0.004952148158314167,3.006666666666667,False,False,False,1000 nM
1.0,1000.0,0.03,0.06986986783829884,44.86986783829883,0.004859290030319406,31.41122824238949,0.004704590889209038,2.9833333333333334,False,False,False,1000 nM
1.0,1000.0,0.05,0.06770874304164533,42.70874304164533,0.004407247235596707,28.489151290454807,0.004252548094486338,2.9444444444444446,False,False,False,1000 nM
1.0,1000.0,0.1,0.06283408986168723,37.83408986168723,0.003485654590608533,22.531828978428052,0.0033309554494981644,2.851111111111111,False,False,False,1000 nM
1.0,1000.0,0.2,0.054900597746744884,29.900597746744882,0.0022629752643993314,14.628234185119581,0.002108276123288963,2.7111111111111112,False,False,False,1000 nM
1.0,1000.0,0.3,0.04877960566856651,23.77960566856651,0.001537544358196832,9.938932738481633,0.0013828452170864636,2.61,False,False,False,1000 nM
1.0,1000.0,0.5,0.0402070969492229,15.207096949222898,0.0008052365439545335,5.2051778579691375,0.000650537402844165,2.462222222222222,False,False,False,1000 nM
1.0,1000.0,1.0,0.030169072900058755,5.169072900058754,0.00029925129075897907,1.934408223672562,0.0001445521496486105,2.26,False,False,False,1000 nM
1.0,1000.0,1.5,0.026862663622942796,1.862663622942795,0.00019916377677069188,1.2874265192500356,4.4464635660323315e-05,2.1355555555555554,False,False,False,1000 nM
1.0,1000.0,2.0,0.02571797780058464,0.7179778005846383,0.0001708686971126213,1.104522597127522,1.6169556002252743e-05,2.05,False,False,False,1000 nM
1.0,1000.0,3.0,0.025127908147276504,0.127908147276503,0.00015748626200464137,1.0180163953999226,2.7871208942728087e-06,1.9177777777777778,False,False,False,1000 nM
