metric_group,condition,value,units
shared,c_max,0.316227766,uM
baseline,penetration_depth_kPDE=0.1,16.8409839,um
constant_mobility_control,D_const=D_relay(c_max),28.8607696,um^2/s
penetration_depth,kPDE=0.01,22.5936888,um
local_loglog_slope,structured_kPDE=0.01,-0.0722069526,dimensionless
constantD_penetration_depth,kPDE=0.01,25.9886821,um
constantD_local_loglog_slope,kPDE=0.01,-0.0579555514,dimensionless
penetration_depth,kPDE=0.0135031404,22.108987,um
local_loglog_slope,structured_kPDE=0.0135031404,-0.0811464883,dimensionless
constantD_penetration_depth,kPDE=0.0135031404,25.5402319,um
constantD_local_loglog_slope,kPDE=0.0135031404,-0.0696772923,dimensionless
penetration_depth,kPDE=0.01823348,21.518822,um
local_loglog_slope,structured_kPDE=0.01823348,-0.0979567145,dimensionless
constantD_penetration_depth,kPDE=0.01823348,24.9234163,um
constantD_local_loglog_slope,kPDE=0.01823348,-0.0986464512,dimensionless
penetration_depth,kPDE=0.024620924,20.8456249,um
local_loglog_slope,structured_kPDE=0.024620924,-0.114008533,dimensionless
constantD_penetration_depth,kPDE=0.024620924,24.0708252,um
constantD_local_loglog_slope,kPDE=0.024620924,-0.127735913,dimensionless
penetration_depth,kPDE=0.0332459793,20.0944968,um
local_loglog_slope,structured_kPDE=0.0332459793,-0.130428015,dimensionless
constantD_penetration_depth,kPDE=0.0332459793,23.082623,um
constantD_local_loglog_slope,kPDE=0.0332459793,-0.146047754,dimensionless
penetration_depth,kPDE=0.0448925126,19.274815,um
local_loglog_slope,structured_kPDE=0.0448925126,-0.147010998,dimensionless
constantD_penetration_depth,kPDE=0.0448925126,22.0491355,um
constantD_local_loglog_slope,kPDE=0.0448925126,-0.159586307,dimensionless
penetration_depth,kPDE=0.0606189899,18.3961288,um
local_loglog_slope,structured_kPDE=0.0606189899,-0.163377363,dimensionless
constantD_penetration_depth,kPDE=0.0606189899,20.9726809,um
constantD_local_loglog_slope,kPDE=0.0606189899,-0.173785245,dimensionless
penetration_depth,kPDE=0.0818546731,17.473103,um
local_loglog_slope,structured_kPDE=0.0818546731,-0.178968564,dimensionless
constantD_penetration_depth,kPDE=0.0818546731,19.8635233,um
constantD_local_loglog_slope,kPDE=0.0818546731,-0.187622667,dimensionless
penetration_depth,kPDE=0.110529514,16.5211011,um
local_loglog_slope,structured_kPDE=0.110529514,-0.193878219,dimensionless
constantD_penetration_depth,kPDE=0.110529514,18.7373817,um
constantD_local_loglog_slope,kPDE=0.110529514,-0.200557386,dimensionless
penetration_depth,kPDE=0.149249555,15.5522458,um
local_loglog_slope,structured_kPDE=0.149249555,-0.208204468,dimensionless
constantD_penetration_depth,kPDE=0.149249555,17.6090921,um
constantD_local_loglog_slope,kPDE=0.149249555,-0.212881486,dimensionless
penetration_depth,kPDE=0.201533769,14.5789008,um
local_loglog_slope,structured_kPDE=0.201533769,-0.222005581,dimensionless
constantD_penetration_depth,kPDE=0.201533769,16.4882515,um
constantD_local_loglog_slope,kPDE=0.201533769,-0.224626745,dimensionless
penetration_depth,kPDE=0.272133877,13.610642,um
local_loglog_slope,structured_kPDE=0.272133877,-0.235836617,dimensionless
constantD_penetration_depth,kPDE=0.272133877,15.386459,um
constantD_local_loglog_slope,kPDE=0.272133877,-0.236089383,dimensionless
penetration_depth,kPDE=0.367466194,12.6532528,um
local_loglog_slope,structured_kPDE=0.367466194,-0.2506702,dimensionless
constantD_penetration_depth,kPDE=0.367466194,14.3082352,um
constantD_local_loglog_slope,kPDE=0.367466194,-0.248628822,dimensionless
penetration_depth,kPDE=0.49619476,11.708099,um
local_loglog_slope,structured_kPDE=0.49619476,-0.267659746,dimensionless
constantD_penetration_depth,kPDE=0.49619476,13.2519257,um
constantD_local_loglog_slope,kPDE=0.49619476,-0.263636098,dimensionless
penetration_depth,kPDE=0.67001875,10.7740231,um
local_loglog_slope,structured_kPDE=0.67001875,-0.288416538,dimensionless
constantD_penetration_depth,kPDE=0.67001875,12.2126929,um
constantD_local_loglog_slope,kPDE=0.67001875,-0.282794868,dimensionless
penetration_depth,kPDE=0.904735724,9.84571563,um
local_loglog_slope,structured_kPDE=0.904735724,-0.315590488,dimensionless
constantD_penetration_depth,kPDE=0.904735724,11.1816635,um
constantD_local_loglog_slope,kPDE=0.904735724,-0.308152123,dimensionless
penetration_depth,kPDE=1.22167735,8.9135345,um
local_loglog_slope,structured_kPDE=1.22167735,-0.350528834,dimensionless
constantD_penetration_depth,kPDE=1.22167735,10.1490157,um
constantD_local_loglog_slope,kPDE=1.22167735,-0.341232945,dimensionless
penetration_depth,kPDE=1.64964807,7.97636435,um
local_loglog_slope,structured_kPDE=1.64964807,-0.39161569,dimensionless
constantD_penetration_depth,kPDE=1.64964807,9.10938648,um
constantD_local_loglog_slope,kPDE=1.64964807,-0.381291989,dimensionless
penetration_depth,kPDE=2.22754295,7.04513525,um
local_loglog_slope,structured_kPDE=2.22754295,-0.431441527,dimensionless
constantD_penetration_depth,kPDE=2.22754295,8.07154086,um
constantD_local_loglog_slope,kPDE=2.22754295,-0.423265014,dimensionless
penetration_depth,kPDE=3.00788252,6.15538214,um
local_loglog_slope,structured_kPDE=3.00788252,-0.464712291,dimensionless
constantD_penetration_depth,kPDE=3.00788252,7.06434934,um
constantD_local_loglog_slope,kPDE=3.00788252,-0.458409182,dimensionless
penetration_depth,kPDE=4.06158599,5.32917574,um
local_loglog_slope,structured_kPDE=4.06158599,-0.485222352,dimensionless
constantD_penetration_depth,kPDE=4.06158599,6.1287435,um
constantD_local_loglog_slope,kPDE=4.06158599,-0.48196962,dimensionless
penetration_depth,kPDE=5.48441658,4.59912566,um
local_loglog_slope,structured_kPDE=5.48441658,-0.493681197,dimensionless
constantD_penetration_depth,kPDE=5.48441658,5.28860294,um
constantD_local_loglog_slope,kPDE=5.48441658,-0.493048323,dimensionless
penetration_depth,kPDE=7.40568469,3.96162754,um
local_loglog_slope,structured_kPDE=7.40568469,-0.496808119,dimensionless
constantD_penetration_depth,kPDE=7.40568469,4.55774627,um
constantD_local_loglog_slope,kPDE=7.40568469,-0.496325413,dimensionless
penetration_depth,kPDE=10,3.41250391,um
local_loglog_slope,structured_kPDE=10,-0.496803717,dimensionless
constantD_penetration_depth,kPDE=10,3.92522691,um
constantD_local_loglog_slope,kPDE=10,-0.497454552,dimensionless
pulse_duration,N=1,2,s
distal_relay_exposure,N=1,124.103355,um^2
pulse_duration,N=2,1,s
distal_relay_exposure,N=2,166.806445,um^2
pulse_duration,N=4,0.5,s
distal_relay_exposure,N=4,196.418345,um^2
pulse_duration,N=16,0.125,s
distal_relay_exposure,N=16,203.104668,um^2
