k_escape_per_s,mean_productive_path_residence_s,common_input_uM,D_relay_0_um2_per_s,k_clear_per_s,resting_PKAc_release_uM_per_s,peak_cAMP_20um_uM,peak_total_PKAc_20um_uM_per_s,peak_total_PKAc_20um_over_basal,peak_evoked_PKAc_20um_uM_per_s,peak_evoked_PKAc_20um_over_basal,time_peak_evoked_20um_s,peak_at_window_edge,sensitivity_t_end_s,AUC_evoked_20um_uM,lambda_app_um,lambda_fit_R2,conventional_20um_total_PKAc_over_basal
0.0,inf,0.2416602354271202,50.0,0.1,0.00015469914111036857,0.03329472282294477,0.0004248615901386423,2.7463732965106056,0.0002701624490282737,1.7463732965106058,4.118530437114508,False,30.0,0.0021145103609501057,3.1702145698806485,0.9955225881054531,1.0028969694575482
0.001,1000.0,0.2416602354271202,50.0,0.1,0.00015469914111036857,0.03326366732232968,0.0004234855778828317,2.737478533127085,0.0002687864367724631,1.737478533127085,4.110753553231429,False,30.0,0.0020954872332568614,3.1675696999427747,0.995543025365985,1.0028969694575482
0.0014922997379927746,670.1066645934383,0.2416602354271202,50.0,0.1,0.00015469914111036857,0.033248424205763474,0.0004228122073050673,2.7331257579731236,0.00026811306619469876,1.7331257579731238,4.110753553231429,False,30.0,0.002086210335410222,3.1662722236138077,0.9955529921149913,1.0028969694575482
0.0022269585080133014,449.0429419325432,0.2416602354271202,50.0,0.1,0.00015469914111036857,0.033225763273757584,0.000421810984931639,2.7266536963557035,0.00026711184382127045,1.7266536963557035,4.110753553231429,False,30.0,0.002072473296895032,3.1643390125981288,0.9955678067370464,1.0028969694575482
0.00332328959802903,300.9066680776415,0.2416602354271202,50.0,0.1,0.00015469914111036857,0.033192082310354816,0.000420327135725814,2.717061857673378,0.00026562799461544545,1.7170618576733778,4.102976669348351,False,30.0,0.0020522084938772263,3.1614652629523405,0.9955896873670719,1.0028969694575482
0.00495934419641283,201.63956369943338,0.2416602354271202,50.0,0.1,0.00015469914111036857,0.033142162721449944,0.00041813361578408144,2.702882593806828,0.0002634344746737129,1.7028825938068277,4.095199785465272,False,30.0,0.002022480761946865,3.157197774741546,0.9956219201310548,1.0028969694575482
0.0074008280449228536,135.12001548070342,0.2416602354271202,50.0,0.1,0.00015469914111036857,0.03306839774565045,0.0004149068502663235,2.6820242652175574,0.0002602077091559549,1.6820242652175574,4.079646017699115,False,30.0,0.0019792296929183714,3.150877662909064,0.9956690610198919,1.0028969694575482
0.01,100.0,0.2416602354271202,50.0,0.1,0.00015469914111036857,0.03299082904646692,0.00041153127409591147,2.660204000759827,0.0002568321329855429,1.6602040007598269,4.071869133816037,False,30.0,0.001934596190807312,3.144210870972141,0.9957180367103113,1.0028969694575482
0.011044253752367951,90.54482289358792,0.2416602354271202,50.0,0.1,0.00015469914111036857,0.03295993184517971,0.00041019267115913476,2.6515510572000323,0.0002554935300487662,1.6515510572000323,4.064092249932958,False,30.0,0.0019170605992066031,3.1415512722538823,0.9957373431992889,1.0028969694575482
0.016481336980984404,60.67468926542582,0.2416602354271202,50.0,0.1,0.00015469914111036857,0.032801561318980314,0.0004033744951664325,2.6074772766750463,0.00024867535405606394,1.6074772766750463,4.032984714400643,False,30.0,0.0018292588741245757,3.127860449308106,0.9958348573776129,1.0028969694575482
0.024595094858493642,40.65851364889781,0.2416602354271202,50.0,0.1,0.00015469914111036857,0.03257270267987135,0.00039365897123503236,2.5446745754986466,0.0002389598301246638,1.5446745754986466,4.001877178868329,False,30.0,0.0017083568806830268,3.107918432579017,0.9959711687420988,1.0028969694575482
0.03,33.333333333333336,0.2416602354271202,50.0,0.1,0.00015469914111036857,0.03242502116342857,0.0003874744539616562,2.5046968663207796,0.00023277531285128763,1.5046968663207794,3.9785465272190934,False,30.0,0.001633922482600955,3.0949454131635186,0.996057008168881,1.0028969694575482
0.03670325361323748,27.245540968589708,0.2416602354271202,50.0,0.1,0.00015469914111036857,0.03224693666807011,0.0003801055710712301,2.457063228295803,0.00022540642996086155,1.4570632282958027,3.9474389916867794,False,30.0,0.0015477310963723952,3.0791880565153193,0.9961581729095581,1.0028969694575482
0.05477225575051662,18.257418583505533,0.2416602354271202,50.0,0.1,0.00015469914111036857,0.031793189782842055,0.0003617608426053498,2.3384799683357977,0.00020706170149498122,1.3384799683357977,3.8696701528559934,False,30.0,0.0013446227062180686,3.0384140699396447,0.9964016438458234,1.0028969694575482
0.08173662290576919,12.23441787107915,0.2416602354271202,50.0,0.1,0.00015469914111036857,0.031180385220538974,0.00033795613880387507,2.184602554210457,0.0001832569976935065,1.1846025542104568,3.776347546259051,False,30.0,0.0011042269640273187,2.9817380542158283,0.9967032315987763,1.0028969694575482
0.1,10.0,0.2416602354271202,50.0,0.1,0.00015469914111036857,0.030804046716450692,0.0003238796112419112,2.0936096278055127,0.00016918047013154264,1.0936096278055125,3.714132475194422,False,30.0,0.0009737095656577429,2.9458551115388234,0.9968728818237711,1.0028969694575482
0.12197554094669359,8.198364952831202,0.2416602354271202,50.0,0.1,0.00015469914111036857,0.03038783318399898,0.000308784271401612,1.996030935823444,0.00015408513029124344,0.9960309358234442,3.6519174041297933,False,30.0,0.000842861927283228,2.905046953906236,0.9970461657777819,1.0028969694575482
0.1820240677962776,5.493778993661463,0.2416602354271202,50.0,0.1,0.00015469914111036857,0.029422343469942838,0.00027563590113594835,1.7817545666869516,0.00012093676002557978,0.7817545666869518,3.496379726468222,False,30.0,0.0005868137349062962,2.804706176041733,0.9973974422743587,1.0028969694575482
0.27163446868076413,3.681417917455979,0.2416602354271202,50.0,0.1,0.00015469914111036857,0.028338348019386443,0.0002414295985232459,1.560639553590025,8.673045741287733e-05,0.560639553590025,3.3175113971574146,False,30.0,0.0003649302633360336,2.6784794026036405,0.9977032060520173,1.0028969694575482
0.3,3.3333333333333335,0.2416602354271202,50.0,0.1,0.00015469914111036857,0.028062891559488143,0.00023322918273117004,1.50763075384352,7.853004162080147e-05,0.50763075384352,3.270850093858943,False,30.0,0.00031788389079119605,2.643079903943441,0.9977650658771465,1.0028969694575482
0.40536004644211043,2.4669426816409503,0.2416602354271202,50.0,0.1,0.00015469914111036857,0.02724774664395558,0.00021009349964446283,1.3580779966617507,5.5394358534094265e-05,0.3580779966617508,3.1230893000804505,False,30.0,0.00019793210609132618,2.526265804536602,0.9979047663015529,1.0028969694575482
0.6049186910983003,1.6531147321376094,0.2416602354271202,50.0,0.1,0.00015469914111036857,0.02629873641427362,0.00018522889764861574,1.197349231024276,3.0529756538247174e-05,0.19734923102427585,2.913113435237329,False,30.0,9.09780387607312e-05,2.350440327028665,0.9979546721267541,1.0028969694575482
0.9027200042329258,1.1077631993430086,0.2416602354271202,50.0,0.1,0.00015469914111036857,0.025614365981232796,0.00016863670257316387,1.090094627305343,1.393756146279531e-05,0.09009462730534291,2.7031375703942073,False,30.0,3.416777812928596e-05,2.1550876201714173,0.9978173568798596,1.0028969694575482
1.0,1.0,0.2416602354271202,50.0,0.1,0.00015469914111036857,0.025488126589875867,0.00016569684265023895,1.0710909023859685,1.0997701539870389e-05,0.07109090238596856,2.6486993832126577,False,30.0,2.561152743367499e-05,2.1026540672399747,0.9977523162357174,1.0028969694575482
1.3471288257976302,0.7423195026711003,0.2416602354271202,50.0,0.1,0.00015469914111036857,0.025224977881981032,0.00015969087610145615,1.0322673736599888,4.9917349910875845e-06,0.03226737365998872,2.4853848216680072,False,30.0,9.999197741494522e-06,1.9456975092812432,0.9975113237741231,1.0028969694575482
2.0103199937803176,0.49743324599759087,0.2416602354271202,50.0,0.1,0.00015469914111036857,0.025059660246858705,0.00015600674928899412,1.0084525884839441,1.3076081786255497e-06,0.008452588483944133,2.2831858407079646,False,30.0,2.1476146629790837e-06,1.7288854818197934,0.997172378557824,1.0028969694575482
3.0,0.3333333333333333,0.2416602354271202,50.0,0.1,0.00015469914111036857,0.025010573381523474,0.00015492924206407359,1.0014874093809019,2.3010095370502035e-07,0.0014874093809018442,2.080986859747922,False,30.0,3.1504713800390636e-07,1.5121360697654387,0.9969887796283293,1.0028969694575482
