metric,value
reference_P1_peak_release_uM_per_s,0.014777625989793465
reference_P1_integrated_release_uM,0.029173999893215417
reference_P2_peak_release_uM_per_s,0.00334551726977179
reference_peak_P2_P1,0.22639071201845648
low_RT_example_P1_peak_release_uM_per_s,0.005488993065190139
low_RT_example_P1_integrated_release_uM,0.0128626326235963
low_RT_example_P2_peak_release_uM_per_s,0.0060134094991937115
low_RT_example_peak_P2_P1,1.0955396422941932
g1_ratio_min,0.0003159835334321967
g1_ratio_max,1.8196784523682976
g1_fraction_gt1,0.1171875
g2_ratio_min,0.0024078723705569243
g2_ratio_max,2.5069749036265256
g2_fraction_gt1,0.45703125
g3_ratio_min,9.936336810403117e-05
g3_ratio_max,44.29718722600498
g3_fraction_gt1,0.33203125
g4_ratio_min,0.00023299856580083768
g4_ratio_max,8.747545196946067
g4_fraction_gt1,0.34765625
